{"cameraMode":{"drawMode":0,"name":"Shaded","section":"Shading Mode"},"sceneLighting":true,"audioPlay":false,"sceneViewState":{"m_AlwaysRefresh":false,"showFog":true,"showSkybox":true,"showFlares":true,"showImageEffects":true,"showParticleSystems":true,"showVisualEffectGraphs":true,"m_FxEnabled":true},"in2DMode":false,"pivot":{"x":44.405399322509769,"y":10.991554260253907,"z":52.172080993652347},"rotation":{"x":0.20358288288116456,"y":-0.0859026163816452,"z":0.017981460317969323,"w":0.9751856923103333},"size":321.61859130859377,"orthographic":false}